/*
SQLyog Community v13.1.6 (64 bit)
MySQL - 5.7.35-log : Database - smartminestest
*********************************************************************
*/ /*!40101 SET NAMES utf8 */;
/*!40101 SET SQL_MODE=''*/;
/*!40014 SET @OLD_UNIQUE_CHECKS=@@UNIQUE_CHECKS, UNIQUE_CHECKS=0 */;
/*!40014 SET @OLD_FOREIGN_KEY_CHECKS=@@FOREIGN_KEY_CHECKS, FOREIGN_KEY_CHECKS=0 */;
/*!40101 SET @OLD_SQL_MODE=@@SQL_MODE, SQL_MODE='NO_AUTO_VALUE_ON_ZERO' */;
/*!40111 SET @OLD_SQL_NOTES=@@SQL_NOTES, SQL_NOTES=0 */;


DROP TABLE IF EXISTS `base_device_type`;
CREATE TABLE `base_device_type`
(
    `base_device_type_id`   int(11)     NOT NULL AUTO_INCREMENT COMMENT '基础设备类型id',
    `base_device_type_name` varchar(20) NOT NULL COMMENT '基础设备类型名称'
);
INSERT INTO `base_device_type` (`base_device_type_id`, `base_device_type_name`)
VALUES (7, '分风器'),
       (9, '副井口风门'),
       (6, '多功能喷雾'),
       (3, '推拉风窗'),
       (2, '百叶风窗'),
       (4, '精准测风'),
       (5, '综采喷雾降尘系统'),
       (8, '防火门'),
       (1, '风门');
DROP TABLE IF EXISTS `base_device_type_parameter`;
CREATE TABLE `base_device_type_parameter`
(
    `base_device_type_parameter_id`   int(11)                                                     NOT NULL AUTO_INCREMENT COMMENT '基础设备类型参数id',
    `base_device_type_id`             int(11)                                                     NOT NULL COMMENT '基础设备类型id',
    `base_device_type_parameter_name` varchar(20)                                                 NOT NULL COMMENT '基础设备类型参数名',
    `base_device_type_parameter_code` varchar(20)                                                 NOT NULL COMMENT '基础设备类型参数代码',
    `address`                         varchar(10)                                                 NOT NULL COMMENT '参数地址',
    `value_type`                      enum ('布尔', '无符号16位整数')                             NOT NULL DEFAULT '无符号16位整数' COMMENT '数值类型',
    `unit`                            varchar(10)                                                 NOT NULL COMMENT '参数单位',
    `proportion`                      int(11)                                                     NOT NULL DEFAULT '1' COMMENT '比例值',
    `rw`                              enum ('读写', '只读', '只写')                               NOT NULL DEFAULT '读写' COMMENT '读写',
    `info`                            varchar(200)                                                NOT NULL COMMENT '参数说明',
    `type`                            enum ('信号', '操作指令', '参数设置', '报警', '报警值信号') NOT NULL DEFAULT '信号' COMMENT '参数类型',
    `is_instantaneous`                enum ('是', '否')                                           NOT NULL DEFAULT '否' COMMENT '是否瞬时量',
    `sort_number`                     int(11)                                                     NOT NULL DEFAULT '200' COMMENT '序号'
);
INSERT INTO `base_device_type_parameter` ( `base_device_type_parameter_id`, `base_device_type_id`
                                         , `base_device_type_parameter_name`, `base_device_type_parameter_code`
                                         , `address`
                                         , `value_type`, `unit`, `proportion`, `rw`, `info`
                                         , `type`, `is_instantaneous`, `sort_number`)
VALUES ( 5, 1, '一道风门开闭状态信号', 'FM_XH_KB1', '20480'
       , '布尔', '/', 1, '只读', '1为关，0为开'
       , '信号', '否', 1),
       ( 6, 1, '一道风门传感器信号1', 'FM_XH_YDCGQ1', '20481'
       , '布尔', '/', 1, '只读', '1为有信号，0为无信号'
       , '信号', '否', 2),
       ( 7, 1, '一道风门防夹传感器信号', 'FM_XH_YDFJ', '20482'
       , '布尔', '/', 1, '只读', '1为有信号，0为无信号'
       , '信号', '否', 3),
       ( 8, 1, '一道风门传感器信号2', 'FM_XH_YDCGQ2', '20483'
       , '布尔', '/', 1, '只读', '1为有信号，0为无信号'
       , '信号', '否', 4),
       ( 9, 1, '一道按钮', 'FM_XH_YDAN', '20484'
       , '布尔', '/', 1, '只读', '1为有信号，0为无信号'
       , '信号', '否', 5),
       ( 10, 1, '二道风门开闭状态信号', 'FM_XH_KB2', '20485'
       , '布尔', '/', 1, '只读', '1为关，0为开'
       , '信号', '否', 6),
       ( 11, 1, '二道风门传感器信号1', 'FM_XH_EDCGQ1', '20486'
       , '布尔', '/', 1, '只读', '1为有信号，0为无信号'
       , '信号', '否', 7),
       ( 12, 1, '二道风门防夹传感器信号', 'FM_XH_EDFJ', '20487'
       , '布尔', '/', 1, '只读', '1为有信号，0为无信号'
       , '信号', '否', 8),
       ( 13, 1, '二道风门传感器信号2', 'FM_XH_EDMCHQ2', '20490'
       , '布尔', '/', 1, '只读', '1为有信号，0为无信号'
       , '信号', '否', 9),
       ( 14, 1, '二道按钮', 'FM_XH_EDAN', '20491'
       , '布尔', '/', 1, '只读', '1为有信号，0为无信号'
       , '信号', '否', 10),
       ( 15, 1, '远程就地切换', 'FM_CS_CM', '67'
       , '布尔', '/', 1, '只写', '1为远程，0为就地'
       , '参数设置', '否', 11),
       ( 16, 1, '一道开启', 'FM_CZ_OPEN1', '61'
       , '布尔', '/', 1, '只写', '写瞬时量1'
       , '操作指令', '是', 12),
       ( 17, 1, '一道关闭', 'FM_CZ_CLOSE1', '62'
       , '布尔', '/', 1, '只写', '写瞬时量1'
       , '操作指令', '是', 13),
       ( 18, 1, '二道开启', 'FM_CZ_OPEN2', '64'
       , '布尔', '/', 1, '只写', '写瞬时量1'
       , '操作指令', '是', 14),
       ( 19, 1, '二道关闭', 'FM_CZ_CLOSE2', '65'
       , '布尔', '/', 1, '只写', '写瞬时量1'
       , '操作指令', '是', 15),
       ( 20, 1, '允许两道风门同开', 'FM_CS_TK', '60'
       , '布尔', '/', 1, '读写', '1为允许，0为不允许'
       , '参数设置', '否', 16),
       ( 21, 1, '风门延时', 'FM_CS_FMYS', '41088'
       , '无符号16位整数', '秒', 1, '读写', ''
       , '参数设置', '否', 17),
       ( 22, 1, '防夹延时', 'FM_CS_FJYS', '41089'
       , '无符号16位整数', '秒', 1, '读写', ''
       , '参数设置', '否', 18),
       ( 23, 1, '电机延时', 'FM_CS_DJYS', '41090'
       , '无符号16位整数', '秒', 1, '读写', ''
       , '参数设置', '否', 19),
       ( 24, 1, '传感器延时', 'FM_CS_CGQYS', '41092'
       , '无符号16位整数', '毫秒', 1, '读写', ''
       , '参数设置', '否', 20),
       ( 25, 1, '工作模式（控制方式）', 'FM_CS_KZFS', '41093'
       , '无符号16位整数', '/', 1, '读写', '1为计数，0为延时'
       , '参数设置', '否', 21),
       ( 26, 1, '传感器信号方式', 'FM_CS_CGQXHFS', '41094'
       , '无符号16位整数', '/', 1, '读写', '1为持续，0为脉冲'
       , '参数设置', '否', 22),
       ( 27, 1, '一道风门延时倒计', 'FM_XH_YDYS', '20'
       , '无符号16位整数', '秒', 1, '只读', ''
       , '信号', '否', 23),
       ( 28, 1, '二道风门延时倒计', 'FM_XH_EDYS', '22'
       , '无符号16位整数', '秒', 1, '只读', ''
       , '信号', '否', 24),
       ( 29, 1, '远程就地状态显示', 'FM_XH_CM', '10'
       , '无符号16位整数', '/', 1, '只读', '1为远程，0为就地'
       , '信号', '否', 25),
       ( 30, 2, '1风窗角度设置', 'FC_CS_JD1', '1'
       , '无符号16位整数', '度', 1, '读写', ''
       , '参数设置', '否', 1),
       ( 31, 2, '2风窗角度设置', 'FC_CS_JD2', '1'
       , '无符号16位整数', '度', 1, '读写', ''
       , '参数设置', '否', 2),
       ( 32, 2, '3风窗角度设置', 'FC_CS_JD3', '1'
       , '无符号16位整数', '度', 1, '读写', ''
       , '参数设置', '否', 3),
       ( 33, 2, '4风窗角度设置', 'FC_CS_JD4', '1'
       , '无符号16位整数', '度', 1, '读写', ''
       , '参数设置', '否', 4),
       ( 34, 2, '1风窗自动', 'FC_CS_ZD1', '1'
       , '布尔', '/', 1, '读写', '1为自动，0为手动'
       , '参数设置', '否', 5),
       ( 35, 2, '2风窗自动', 'FC_CS_ZD2', '1'
       , '布尔', '/', 1, '读写', '1为自动，0为手动'
       , '参数设置', '否', 6),
       ( 36, 2, '3风窗自动', 'FC_CS_ZD3', '1'
       , '布尔', '/', 1, '读写', '1为自动，0为手动'
       , '参数设置', '否', 7),
       ( 37, 2, '4风窗自动', 'FC_CS_ZD4', '1'
       , '布尔', '/', 1, '读写', '1为自动，0为手动'
       , '参数设置', '否', 8),
       ( 38, 2, '1风窗角度显示', 'FC_XH_JD1', '1'
       , '无符号16位整数', '度', 1, '只读', ''
       , '信号', '否', 9),
       ( 39, 2, '2风窗角度显示', 'FC_XH_JD2', '1'
       , '无符号16位整数', '度', 1, '只读', ''
       , '信号', '否', 10),
       ( 40, 2, '3风窗角度显示', 'FC_XH_JD3', '1'
       , '无符号16位整数', '度', 1, '只读', ''
       , '信号', '否', 11),
       ( 41, 2, '4风窗角度显示', 'FC_XH_JD4', '1'
       , '无符号16位整数', '度', 1, '只读', ''
       , '信号', '否', 12),
       ( 42, 2, '1风窗开启', 'FC_CZ_OPEN1', '1'
       , '布尔', '/', 1, '只写', '写瞬时量1'
       , '操作指令', '是', 13),
       ( 43, 2, '1风窗关闭', 'FC_CZ_CLOSE1', '1'
       , '布尔', '/', 1, '只写', '写瞬时量1'
       , '操作指令', '是', 14),
       ( 44, 2, '2风窗开启', 'FC_CZ_OPEN2', '1'
       , '布尔', '/', 1, '只写', '写瞬时量1'
       , '操作指令', '是', 15),
       ( 45, 2, '2风窗关闭', 'FC_CZ_CLOSE2', '1'
       , '布尔', '/', 1, '只写', '写瞬时量1'
       , '操作指令', '是', 16),
       ( 46, 2, '3风窗开启', 'FC_CZ_OPEN3', '1'
       , '布尔', '/', 1, '只写', '写瞬时量1'
       , '操作指令', '是', 17),
       ( 47, 2, '3风窗关闭', 'FC_CZ_CLOSE3', '1'
       , '布尔', '/', 1, '只写', '写瞬时量1'
       , '操作指令', '是', 18),
       ( 48, 2, '4风窗开启', 'FC_CZ_OPEN4', '1'
       , '布尔', '/', 1, '只写', '写瞬时量1'
       , '操作指令', '是', 19),
       ( 49, 2, '4风窗关闭', 'FC_CZ_CLOSE4', '1'
       , '布尔', '/', 1, '只写', '写瞬时量1'
       , '操作指令', '是', 20),
       ( 50, 3, '1风窗长度设置', 'FC_CS_CD1', '1'
       , '无符号16位整数', '毫米', 1, '读写', ''
       , '参数设置', '否', 1),
       ( 51, 3, '2风窗长度设置', 'FC_CS_CD2', '1'
       , '无符号16位整数', '毫米', 1, '读写', ''
       , '参数设置', '否', 2),
       ( 52, 3, '3风窗长度设置', 'FC_CS_CD3', '1'
       , '无符号16位整数', '毫米', 1, '读写', ''
       , '参数设置', '否', 3),
       ( 53, 3, '4风窗长度设置', 'FC_CS_CD4', '1'
       , '无符号16位整数', '毫米', 1, '读写', ''
       , '参数设置', '否', 4),
       ( 54, 3, '1风窗自动', 'FC_CS_ZD1', '1'
       , '布尔', '/', 1, '读写', '1为自动，0为手动'
       , '参数设置', '否', 5),
       ( 55, 3, '2风窗自动', 'FC_CS_ZD2', '1'
       , '布尔', '/', 1, '读写', '1为自动，0为手动'
       , '参数设置', '否', 6),
       ( 56, 3, '3风窗自动', 'FC_CS_ZD3', '1'
       , '布尔', '/', 1, '读写', '1为自动，0为手动'
       , '参数设置', '否', 7),
       ( 57, 3, '4风窗自动', 'FC_CS_ZD4', '1'
       , '布尔', '/', 1, '读写', '1为自动，0为手动'
       , '参数设置', '否', 8),
       ( 58, 3, '1风窗长度显示', 'FC_XH_CD1', '1'
       , '无符号16位整数', '毫米', 1, '只读', ''
       , '信号', '否', 9),
       ( 59, 3, '2风窗长度显示', 'FC_XH_CD2', '1'
       , '无符号16位整数', '毫米', 1, '只读', ''
       , '信号', '否', 10),
       ( 60, 3, '3风窗长度显示', 'FC_XH_CD3', '1'
       , '无符号16位整数', '毫米', 1, '只读', ''
       , '信号', '否', 11),
       ( 61, 3, '4风窗长度显示', 'FC_XH_CD4', '1'
       , '无符号16位整数', '毫米', 1, '只读', ''
       , '信号', '否', 12),
       ( 62, 3, '1风窗开启', 'FC_CZ_OPEN1', '1'
       , '布尔', '/', 1, '只写', '写瞬时量1'
       , '操作指令', '是', 13),
       ( 63, 3, '1风窗关闭', 'FC_CZ_CLOSE1', '1'
       , '布尔', '/', 1, '只写', '写瞬时量1'
       , '操作指令', '是', 14),
       ( 64, 3, '2风窗开启', 'FC_CZ_OPEN2', '1'
       , '布尔', '/', 1, '只写', '写瞬时量1'
       , '操作指令', '是', 15),
       ( 65, 3, '2风窗关闭', 'FC_CZ_CLOSE2', '1'
       , '布尔', '/', 1, '只写', '写瞬时量1'
       , '操作指令', '是', 16),
       ( 66, 3, '3风窗开启', 'FC_CZ_OPEN3', '1'
       , '布尔', '/', 1, '只写', '写瞬时量1'
       , '操作指令', '是', 17),
       ( 67, 3, '3风窗关闭', 'FC_CZ_CLOSE3', '1'
       , '布尔', '/', 1, '只写', '写瞬时量1'
       , '操作指令', '是', 18),
       ( 68, 3, '4风窗开启', 'FC_CZ_OPEN4', '1'
       , '布尔', '/', 1, '只写', '写瞬时量1'
       , '操作指令', '是', 19),
       ( 69, 3, '4风窗关闭', 'FC_CZ_CLOSE4', '1'
       , '布尔', '/', 1, '只写', '写瞬时量1'
       , '操作指令', '是', 20),
       ( 70, 5, '喷雾动作信息（跟踪）', 'ZC_XH_GZ', '0'
       , '无符号16位整数', '/', 1, '只读', '分机号'
       , '信号', '否', 1),
       ( 71, 5, '喷雾动作信息（移架）', 'ZC_XH_YJ', '1'
       , '无符号16位整数', '/', 1, '只读', '分机号'
       , '信号', '否', 2),
       ( 72, 5, '喷雾动作信息（放煤）', 'ZC_XH_FM', '2'
       , '无符号16位整数', '/', 1, '只读', '分机号'
       , '信号', '否', 3),
       ( 73, 5, '跟踪喷雾同喷个数', 'ZC_CS_GZTP', '3'
       , '无符号16位整数', '个', 1, '读写', '最大值9'
       , '参数设置', '否', 4),
       ( 74, 5, '跟踪喷雾间隔个数', 'ZC_CS_GZJG', '4'
       , '无符号16位整数', '个', 1, '读写', '最大值9'
       , '参数设置', '否', 5),
       ( 75, 5, '跟踪喷雾延时', 'ZC_CS_GZYS', '5'
       , '无符号16位整数', '秒', 1, '读写', '最大值999'
       , '参数设置', '否', 6),
       ( 76, 5, '移架喷雾同喷个数', 'ZC_CS_YJTP', '6'
       , '无符号16位整数', '个', 1, '读写', '最大值9'
       , '参数设置', '否', 7),
       ( 77, 5, '移架喷雾间隔个数', 'ZC_CS_YJJG', '7'
       , '无符号16位整数', '个', 1, '读写', '最大值9'
       , '参数设置', '否', 8),
       ( 78, 5, '移架喷雾延时', 'ZC_CS_YJYS', '8'
       , '无符号16位整数', '秒', 1, '读写', '最大值999'
       , '参数设置', '否', 9),
       ( 79, 5, '放煤喷雾上道同喷个数', 'ZC_CS_FMSDTP', '9'
       , '无符号16位整数', '个', 1, '读写', '最大值9'
       , '参数设置', '否', 10),
       ( 80, 5, '放煤喷雾下道同喷个数', 'ZC_CS_FMXDTP', '10'
       , '无符号16位整数', '个', 1, '读写', '最大值9'
       , '参数设置', '否', 11),
       ( 81, 5, '放煤喷雾延时', 'ZC_CS_FMYS', '11'
       , '无符号16位整数', '秒', 1, '读写', '最大值999'
       , '参数设置', '否', 12),
       ( 82, 5, '远程点动开启', 'ZC_CZ_YCDDKQ', '12'
       , '无符号16位整数', '/', 1, '只写', '写瞬时量。高位：分机号；地位：命令'
       , '操作指令', '是', 13),
       ( 83, 5, '远程启停喷雾', 'ZC_CZ_YCQTPW', '13'
       , '无符号16位整数', '/', 1, '只写', '高位：分机号；地位：命令，1为启用，0为停用'
       , '操作指令', '否', 14),
       ( 84, 5, '粉尘浓度1', 'ZC_XH_FCND1', '16'
       , '无符号16位整数', 'mg/cm³', 1, '只读', ''
       , '报警值信号', '否', 15),
       ( 85, 5, '粉尘浓度2', 'ZC_XH_FCND2', '17'
       , '无符号16位整数', 'mg/cm³', 1, '只读', ''
       , '报警值信号', '否', 16),
       ( 86, 5, '粉尘浓度3', 'ZC_XH_FCND3', '18'
       , '无符号16位整数', 'mg/cm³', 1, '只读', ''
       , '报警值信号', '否', 17),
       ( 87, 5, '粉尘浓度1上限', 'ZC_CS_FCNDSX1', '19'
       , '无符号16位整数', 'mg/cm³', 1, '读写', ''
       , '参数设置', '否', 18),
       ( 88, 5, '粉尘浓度2上限', 'ZC_CS_FCNDSX2', '20'
       , '无符号16位整数', 'mg/cm³', 1, '读写', ''
       , '参数设置', '否', 19),
       ( 89, 5, '粉尘浓度3上限', 'ZC_CS_FCNDSX3', '21'
       , '无符号16位整数', 'mg/cm³', 1, '读写', ''
       , '参数设置', '否', 20),
       ( 90, 5, '查询启停状态的分机号', 'ZC_CZ_CXFJ', '22'
       , '无符号16位整数', '/', 1, '只写', ''
       , '操作指令', '否', 21),
       ( 91, 5, '分机启停状态', 'ZC_XH_FJQT', '23'
       , '无符号16位整数', '/', 1, '只读', '1为启用，0为停用'
       , '信号', '否', 22),
       ( 92, 5, '粉尘浓度1报警', 'ZC_BJ_FCND1', '24'
       , '无符号16位整数', '/', 1, '只读', '0为无报警，非0为报警'
       , '报警', '否', 23),
       ( 93, 5, '粉尘浓度2报警', 'ZC_BJ_FCND2', '25'
       , '无符号16位整数', '/', 1, '只读', '0为无报警，非0为报警'
       , '报警', '否', 24),
       ( 94, 5, '粉尘浓度3报警', 'ZC_BJ_FCND3', '26'
       , '无符号16位整数', '/', 1, '只读', '0为无报警，非0为报警'
       , '报警', '否', 25),
       ( 95, 6, '喷雾功能模式', 'PW_CS_PWGNMS', '0'
       , '无符号16位整数', '/', 1, '读写', '0为大巷定时；1为大巷模式；2为转载点；3为防尘防火；4为防火；5为水电联动；6为防尘红外；7为粉尘喷雾；8为防火红外'
       , '参数设置', '否', 1),
       ( 96, 6, '喷雾工作状态', 'PW_XH_GZZT', '1'
       , '无符号16位整数', '/', 1, '只读', '1为喷水，0为待机'
       , '信号', '否', 2),
       ( 97, 6, '远程就地状态显示', 'PW_XH_CM', '2'
       , '无符号16位整数', '/', 1, '只读', '1为远程，0为就地'
       , '信号', '否', 3),
       ( 98, 6, '远程就地切换', 'PW_CS_CM', '2'
       , '无符号16位整数', '/', 1, '只写', '1为远程，1为就地'
       , '参数设置', '否', 4),
       ( 99, 6, '喷雾延时', 'PW_CS_PWYS', '4'
       , '无符号16位整数', '秒', 1, '读写', '最大值999'
       , '参数设置', '否', 5),
       ( 100, 6, '输入IN1状态', 'PW_XH_IN1', '5'
       , '无符号16位整数', '/', 1, '只读', '1为无信号，0为有信号'
       , '信号', '否', 6),
       ( 101, 6, '输入IN2状态', 'PW_XH_IN2', '6'
       , '无符号16位整数', '/', 1, '只读', '1为无信号，0为有信号'
       , '信号', '否', 7),
       ( 102, 6, '输入IN3状态', 'PW_XH_IN3', '7'
       , '无符号16位整数', '/', 1, '只读', '1为无信号，0为有信号'
       , '信号', '否', 8),
       ( 103, 6, '粉尘浓度', 'PW_XH_FCND', '8'
       , '无符号16位整数', 'mg/cm³', 1, '只读', ''
       , '报警值信号', '否', 9),
       ( 104, 6, '粉尘浓度上限', 'PW_CS_FCNDSX', '9'
       , '无符号16位整数', 'mg/cm³', 1, '读写', ''
       , '参数设置', '否', 10),
       ( 105, 6, '远程控制喷雾洒水', 'PW_CZ_YCKZPWSS', '39'
       , '无符号16位整数', '/', 1, '只写', '1为启动，0为停止'
       , '信号', '否', 11),
       ( 106, 6, '无线传感器开关状态', 'PW_XH_CGQKGZT', '48'
       , '无符号16位整数', '/', 1, '只读', '1为有信号，0为无信号。大巷：热释电红外线传感器；转载点：触控传感器。'
       , '信号', '否', 12),
       ( 107, 6, '无线传感器电量', 'PW_XH_CGQDL', '49'
       , '无符号16位整数', 'V', 1, '只读', ''
       , '信号', '否', 13),
       ( 108, 6, '开始小时1', 'PW_CS_STARTH1', ''
       , '无符号16位整数', '时', 1, '读写', '喷雾定时开始小时1'
       , '参数设置', '否', 14),
       ( 109, 6, '开始分钟1', 'PW_CS_STARTM1', ''
       , '无符号16位整数', '分', 1, '读写', '喷雾定时开始分钟1'
       , '参数设置', '否', 15),
       ( 110, 6, '结束小时1', 'PW_CS_STOPH1', ''
       , '无符号16位整数', '时', 1, '读写', '喷雾定时结束小时1'
       , '参数设置', '否', 16),
       ( 111, 6, '结束分钟1', 'PW_CS_STOPM1', ''
       , '无符号16位整数', '分', 1, '读写', '喷雾定时结束分钟1'
       , '参数设置', '否', 17),
       ( 112, 6, '开始小时2', 'PW_CS_STARTH2', ''
       , '无符号16位整数', '时', 1, '读写', '喷雾定时开始小时2'
       , '参数设置', '否', 18),
       ( 113, 6, '开始分钟2', 'PW_CS_STARTM2', ''
       , '无符号16位整数', '分', 1, '读写', '喷雾定时开始分钟2'
       , '参数设置', '否', 19),
       ( 114, 6, '结束小时2', 'PW_CS_STOPH2', ''
       , '无符号16位整数', '时', 1, '读写', '喷雾定时结束小时2'
       , '参数设置', '否', 20),
       ( 115, 6, '结束分钟2', 'PW_CS_STOPM2', ''
       , '无符号16位整数', '分', 1, '读写', '喷雾定时结束分钟2'
       , '参数设置', '否', 21),
       ( 116, 6, '开始小时3', 'PW_CS_STARTH3', ''
       , '无符号16位整数', '时', 1, '读写', '喷雾定时开始小时3'
       , '参数设置', '否', 22),
       ( 117, 6, '开始分钟3', 'PW_CS_STARTM3', ''
       , '无符号16位整数', '分', 1, '读写', '喷雾定时开始分钟3'
       , '参数设置', '否', 23),
       ( 118, 6, '结束小时3', 'PW_CS_STOPH3', ''
       , '无符号16位整数', '时', 1, '读写', '喷雾定时结束小时3'
       , '参数设置', '否', 24),
       ( 119, 6, '结束分钟3', 'PW_CS_STOPM3', ''
       , '无符号16位整数', '分', 1, '读写', '喷雾定时结束分钟3'
       , '参数设置', '否', 25),
       ( 120, 6, '开始小时4', 'PW_CS_STARTH4', ''
       , '无符号16位整数', '时', 1, '读写', '喷雾定时开始小时4'
       , '参数设置', '否', 26),
       ( 121, 6, '开始分钟4', 'PW_CS_STARTM4', ''
       , '无符号16位整数', '分', 1, '读写', '喷雾定时开始分钟4'
       , '参数设置', '否', 27),
       ( 122, 6, '结束小时4', 'PW_CS_STOPH4', ''
       , '无符号16位整数', '时', 1, '读写', '喷雾定时结束小时4'
       , '参数设置', '否', 28),
       ( 123, 6, '结束分钟4', 'PW_CS_STOPM4', ''
       , '无符号16位整数', '分', 1, '读写', '喷雾定时结束分钟4'
       , '参数设置', '否', 29),
       ( 124, 6, '开始小时5', 'PW_CS_STARTH5', ''
       , '无符号16位整数', '时', 1, '读写', '喷雾定时开始小时5'
       , '参数设置', '否', 30),
       ( 125, 6, '开始分钟5', 'PW_CS_STARTM5', ''
       , '无符号16位整数', '分', 1, '读写', '喷雾定时开始分钟5'
       , '参数设置', '否', 31),
       ( 126, 6, '结束小时5', 'PW_CS_STOPH5', ''
       , '无符号16位整数', '时', 1, '读写', '喷雾定时结束小时5'
       , '参数设置', '否', 32),
       ( 127, 6, '结束分钟5', 'PW_CS_STOPM5', ''
       , '无符号16位整数', '分', 1, '读写', '喷雾定时结束分钟5'
       , '参数设置', '否', 33),
       ( 128, 6, '开始小时6', 'PW_CS_STARTH6', ''
       , '无符号16位整数', '时', 1, '读写', '喷雾定时开始小时6'
       , '参数设置', '否', 34),
       ( 129, 6, '开始分钟6', 'PW_CS_STARTM6', ''
       , '无符号16位整数', '分', 1, '读写', '喷雾定时开始分钟6'
       , '参数设置', '否', 35),
       ( 130, 6, '结束小时6', 'PW_CS_STOPH6', ''
       , '无符号16位整数', '时', 1, '读写', '喷雾定时结束小时6'
       , '参数设置', '否', 36),
       ( 131, 6, '结束分钟6', 'PW_CS_STOPM6', ''
       , '无符号16位整数', '分', 1, '读写', '喷雾定时结束分钟6'
       , '参数设置', '否', 37),
       ( 132, 6, '开始小时7', 'PW_CS_STARTH7', ''
       , '无符号16位整数', '时', 1, '读写', '喷雾定时开始小时7'
       , '参数设置', '否', 38),
       ( 133, 6, '开始分钟7', 'PW_CS_STARTM7', ''
       , '无符号16位整数', '分', 1, '读写', '喷雾定时开始分钟7'
       , '参数设置', '否', 39),
       ( 134, 6, '结束小时7', 'PW_CS_STOPH7', ''
       , '无符号16位整数', '时', 1, '读写', '喷雾定时结束小时7'
       , '参数设置', '否', 40),
       ( 135, 6, '结束分钟7', 'PW_CS_STOPM7', ''
       , '无符号16位整数', '分', 1, '读写', '喷雾定时结束分钟7'
       , '参数设置', '否', 41),
       ( 136, 6, '开始小时8', 'PW_CS_STARTH8', ''
       , '无符号16位整数', '时', 1, '读写', '喷雾定时开始小时8'
       , '参数设置', '否', 42),
       ( 137, 6, '开始分钟8', 'PW_CS_STARTM8', ''
       , '无符号16位整数', '分', 1, '读写', '喷雾定时开始分钟8'
       , '参数设置', '否', 43),
       ( 138, 6, '结束小时8', 'PW_CS_STOPH8', ''
       , '无符号16位整数', '时', 1, '读写', '喷雾定时结束小时8'
       , '参数设置', '否', 44),
       ( 139, 6, '结束分钟8', 'PW_CS_STOPM8', ''
       , '无符号16位整数', '分', 1, '读写', '喷雾定时结束分钟8'
       , '参数设置', '否', 45),
       ( 140, 6, '开始小时9', 'PW_CS_STARTH9', ''
       , '无符号16位整数', '时', 1, '读写', '喷雾定时开始小时9'
       , '参数设置', '否', 46),
       ( 141, 6, '开始分钟9', 'PW_CS_STARTM9', ''
       , '无符号16位整数', '分', 1, '读写', '喷雾定时开始分钟9'
       , '参数设置', '否', 47),
       ( 142, 6, '结束小时9', 'PW_CS_STOPH9', ''
       , '无符号16位整数', '时', 1, '读写', '喷雾定时结束小时9'
       , '参数设置', '否', 48),
       ( 143, 6, '结束分钟9', 'PW_CS_STOPM9', ''
       , '无符号16位整数', '分', 1, '读写', '喷雾定时结束分钟9'
       , '参数设置', '否', 49),
       ( 144, 6, '开始小时10', 'PW_CS_STARTH10', ''
       , '无符号16位整数', '时', 1, '读写', '喷雾定时开始小时10'
       , '参数设置', '否', 50),
       ( 145, 6, '开始分钟10', 'PW_CS_STARTM10', ''
       , '无符号16位整数', '分', 1, '读写', '喷雾定时开始分钟10'
       , '参数设置', '否', 51),
       ( 146, 6, '结束小时10', 'PW_CS_STOPH10', ''
       , '无符号16位整数', '时', 1, '读写', '喷雾定时结束小时10'
       , '参数设置', '否', 52),
       ( 147, 6, '结束分钟10', 'PW_CS_STOPM10', ''
       , '无符号16位整数', '分', 1, '读写', '喷雾定时结束分钟10'
       , '参数设置', '否', 53),
       ( 148, 9, '远程就地状态显示', 'FFM_CS_CM', '67'
       , '布尔', '/', 1, '读写', '1为远程，0为就地'
       , '参数设置', '否', 1),
       ( 149, 9, '风门开启', 'FFM_CZ_OPEN', '61'
       , '布尔', '/', 1, '只写', '写瞬时量1'
       , '操作指令', '是', 2),
       ( 150, 9, '风门关闭', 'FFM_CZ_CLOSE', '62'
       , '布尔', '/', 1, '只写', '写瞬时量1'
       , '操作指令', '是', 3),
       ( 151, 9, '风门关闭状态信号', 'FFM_XH_CLOSE', '20480'
       , '布尔', '/', 1, '只读', '1为关闭到位'
       , '信号', '否', 4),
       ( 152, 9, '风门开启状态信号', 'FFM_XH_OPEN', '20487'
       , '布尔', '/', 1, '只读', '1位开启到位'
       , '信号', '否', 5),
       ( 153, 9, '风门传感器全开信号', 'FFM_XH_QK', '20481'
       , '布尔', '/', 1, '只读', '1为有信号，0为无信号'
       , '信号', '否', 6),
       ( 154, 9, '风门传感器半开信号', 'FFM_XH_BK', '20483'
       , '布尔', '/', 1, '只读', '1为有信号，0为无信号'
       , '信号', '否', 7),
       ( 155, 9, '风门防夹传感器信号', 'FFM_XH_FJ', '20482'
       , '布尔', '/', 1, '只读', '1为有信号，0为无信号'
       , '信号', '否', 8),
       ( 156, 9, '风门开度', 'FFM_XH_KD', '44'
       , '无符号16位整数', '毫米', 1, '只读', ''
       , '信号', '否', 9),
       ( 157, 9, '风门延时倒计', 'FFM_XH_FMYS', '2'
       , '无符号16位整数', '秒', 1, '只读', ''
       , '信号', '否', 10),
       ( 158, 9, '电机延时倒计', 'FFM_XH_DJYS', '4'
       , '无符号16位整数', '秒', 1, '只读', ''
       , '信号', '否', 11),
       ( 159, 9, '风窗1关到位信号', 'FFM_FC_XH_CLOSE1', '20485'
       , '布尔', '/', 1, '只读', '1为关闭到位'
       , '信号', '否', 12),
       ( 160, 9, '风窗2关到位信号', 'FFM_FC_XH_CLOSE2', '20486'
       , '布尔', '/', 1, '只读', '1为关闭到位'
       , '信号', '否', 13),
       ( 161, 9, '1风窗角度显示', 'FFM_FC_XH_JD1', '40'
       , '无符号16位整数', '度', 1, '只读', ''
       , '信号', '否', 14),
       ( 162, 9, '2风窗角度显示', 'FFM_FC_XH_JD2', '41'
       , '无符号16位整数', '度', 1, '只读', ''
       , '信号', '否', 15),
       ( 163, 9, '3风窗角度显示', 'FFM_FC_XH_JD3', '42'
       , '无符号16位整数', '度', 1, '只读', ''
       , '信号', '否', 16),
       ( 164, 9, '4风窗角度显示', 'FFM_FC_XH_JD4', '43'
       , '无符号16位整数', '度', 1, '只读', ''
       , '信号', '否', 17),
       ( 165, 9, '1风窗角度设置', 'FFM_FC_CS_JD1', '41092'
       , '无符号16位整数', '度', 1, '读写', ''
       , '参数设置', '否', 18),
       ( 166, 9, '2风窗角度设置', 'FFM_FC_CS_JD2', '41093'
       , '无符号16位整数', '度', 1, '读写', ''
       , '参数设置', '否', 19),
       ( 167, 9, '3风窗角度设置', 'FFM_FC_CS_JD3', '41094'
       , '无符号16位整数', '度', 1, '读写', ''
       , '参数设置', '否', 20),
       ( 168, 9, '4风窗角度设置', 'FFM_FC_CS_JD4', '41095'
       , '无符号16位整数', '度', 1, '读写', ''
       , '参数设置', '否', 21),
       ( 169, 9, '1风窗角度确定', 'FFM_FC_CZ_JDQD1', '100'
       , '布尔', '/', 1, '只写', '写瞬时量1'
       , '操作指令', '是', 22),
       ( 170, 9, '2风窗角度确定', 'FFM_FC_CZ_JDQD2', '101'
       , '布尔', '/', 1, '只写', '写瞬时量1'
       , '操作指令', '是', 23),
       ( 171, 9, '3风窗角度确定', 'FFM_FC_CZ_JDQD3', '102'
       , '布尔', '/', 1, '只写', '写瞬时量1'
       , '操作指令', '是', 24),
       ( 172, 9, '4风窗角度确定', 'FFM_FC_CZ_JDQD4', '103'
       , '布尔', '/', 1, '只写', '写瞬时量1'
       , '操作指令', '是', 25),
       ( 173, 9, '电压显示', 'FFM_XH_U', '67'
       , '无符号16位整数', 'V', 10, '只读', ''
       , '信号', '否', 26),
       ( 174, 9, '输出频率', 'FFM_XH_F', '68'
       , '无符号16位整数', 'Hz', 100, '只读', ''
       , '信号', '否', 27),
       ( 175, 9, '电流显示', 'FFM_XH_I', '69'
       , '无符号16位整数', 'A', 100, '只读', ''
       , '信号', '否', 28),
       ( 176, 9, '风门延时', 'FFM_CS_FMYS', '41088'
       , '无符号16位整数', '秒', 1, '读写', ''
       , '参数设置', '否', 29),
       ( 177, 9, '电机延时', 'FFM_CS_DJYS', '41089'
       , '无符号16位整数', '秒', 1, '读写', ''
       , '参数设置', '否', 30),
       ( 178, 9, '防夹延时', 'FFM_CS_FJYS', '41090'
       , '无符号16位整数', '秒', 1, '读写', ''
       , '参数设置', '否', 31),
       ( 179, 9, '传感器延时', 'FFM_CS_CGQYS', '41091'
       , '无符号16位整数', '秒', 10, '读写', ''
       , '参数设置', '否', 32),
       ( 180, 9, '风窗开启', 'FFM_FC_CZ_OPEN', ''
       , '无符号16位整数', '/', 1, '只写', '写瞬时量1'
       , '操作指令', '是', 33),
       ( 181, 9, '风窗关闭', 'FFM_FC_CZ_CLOSE', ''
       , '无符号16位整数', '/', 1, '只写', '写瞬时量1'
       , '操作指令', '是', 34),
       ( 182, 8, '防火门开闭信号', 'FHM_XH_KB', '20480'
       , '布尔', '/', 1, '只读', '1为关，0为开'
       , '信号', '否', 1),
       ( 183, 8, '烟雾信号', 'FHM_XH_YW', '20481'
       , '布尔', '/', 1, '只读', '1为有信号，0为无信号'
       , '信号', '否', 2),
       ( 184, 8, '按钮', 'FHM_XH_AN', '20482'
       , '布尔', '/', 1, '只读', '1为有信号，0为无信号'
       , '信号', '否', 3),
       ( 185, 8, '开门电磁阀', 'FHM_XH_KMDCF', '24576'
       , '布尔', '/', 1, '只读', '1为有信号，0为无信号'
       , '信号', '否', 4),
       ( 186, 8, '开门报警', 'FHM_XH_KMBJ', '24577'
       , '布尔', '/', 1, '只读', '1为有信号，0为无信号'
       , '信号', '否', 5),
       ( 187, 8, '关门报警', 'FHM_XH_GMBJ', '24578'
       , '布尔', '/', 1, '只读', '1为有信号，0为无信号'
       , '信号', '否', 6),
       ( 188, 8, '关门电磁阀', 'FHM_XH_GMDCF', '24580'
       , '布尔', '/', 1, '只读', '1为有信号，0为无信号'
       , '信号', '否', 7),
       ( 189, 8, '远程开门', 'FHM_CZ_OPEN', '28'
       , '布尔', '/', 1, '只写', '写瞬时量1'
       , '操作指令', '是', 8),
       ( 190, 8, '远程关门', 'FHM_CZ_CLOSE', '29'
       , '布尔', '/', 1, '只写', '写瞬时量1'
       , '操作指令', '是', 9),
       ( 191, 8, '远程就地切换', 'FHM_CS_CM', '30'
       , '布尔', '/', 1, '读写', '1为远程，0为就地'
       , '参数设置', '否', 10);
DROP TABLE IF EXISTS `device`;
CREATE TABLE `device`
(
    `device_id`       int(11)               NOT NULL AUTO_INCREMENT COMMENT '设备id',
    `device_type_id`  int(11)               NOT NULL COMMENT '设备类型id',
    `device_name`     varchar(20)           NOT NULL COMMENT '设备名称',
    `ip`              varchar(20)           NOT NULL COMMENT 'ip地址',
    `port`            int(11)               NOT NULL DEFAULT '502' COMMENT '端口号',
    `device_location` varchar(20)                    DEFAULT NULL COMMENT '设备位置',
    `enable_status`   enum ('启用', '禁用') NOT NULL DEFAULT '启用' COMMENT '禁用状态：禁用/启用',
    `sort_number`     int(11)               NOT NULL DEFAULT '200' COMMENT '序号'
);
INSERT INTO `device` ( `device_id`, `device_type_id`, `device_name`, `ip`, `port`
                     , `device_location`, `enable_status`, `sort_number`)
VALUES ( 1, 1, '示例风门', '127.0.0.1', 502
       , '1955,5622', '启用', 1);
DROP TABLE IF EXISTS `device_dvr`;
CREATE TABLE `device_dvr`
(
    `dvr_id`    int(11)     NOT NULL AUTO_INCREMENT COMMENT '摄像头id',
    `device_id` int(11)     NOT NULL COMMENT '设备id',
    `ip`        varchar(20) NOT NULL COMMENT 'ip地址',
    `port`      int(11)     NOT NULL DEFAULT '8000' COMMENT '端口号',
    `user_name` varchar(20) NOT NULL COMMENT '用户名',
    `password`  varchar(20) NOT NULL COMMENT '密码'
);
DROP TABLE IF EXISTS `device_type`;
CREATE TABLE `device_type`
(
    `device_type_id`         int(11)                          NOT NULL AUTO_INCREMENT COMMENT '设备类型id',
    `device_type_name`       varchar(20)                      NOT NULL COMMENT '设备类型名称',
    `communication_protocol` enum ('Modbus TCP', 'OPC', 'S7') NOT NULL DEFAULT 'Modbus TCP' COMMENT '通讯协议'
);
INSERT INTO `device_type` (`device_type_id`, `device_type_name`, `communication_protocol`)
VALUES (9, '分风器', 'Modbus TCP'),
       (11, '副井口风门', 'Modbus TCP'),
       (8, '多功能喷雾', 'Modbus TCP'),
       (4, '智能风窗（单）', 'Modbus TCP'),
       (5, '智能风窗（双）', 'Modbus TCP'),
       (1, '智能风门', 'Modbus TCP'),
       (3, '智能风门（推拉风窗）', 'Modbus TCP'),
       (2, '智能风门（百叶风窗）', 'Modbus TCP'),
       (6, '精准测风', 'Modbus TCP'),
       (7, '综采喷雾降尘系统', 'Modbus TCP'),
       (10, '防火门', 'Modbus TCP');
DROP TABLE IF EXISTS `device_type_parameter`;
CREATE TABLE `device_type_parameter`
(
    `device_type_parameter_id`   int(11)     NOT NULL AUTO_INCREMENT COMMENT '设备类型参数id',
    `device_type_id`             int(11)     NOT NULL COMMENT '设备类型id',
    `device_type_parameter_name` varchar(20) NOT NULL COMMENT '设备类型参数名',
    `device_type_parameter_code` varchar(20) NOT NULL COMMENT '设备类型参数代码',
    `value`                      varchar(20) NOT NULL COMMENT '值',
    `sort_number`                int(11)     NOT NULL DEFAULT '200' COMMENT '序号'
);
INSERT INTO `device_type_parameter` ( `device_type_parameter_id`, `device_type_id`, `device_type_parameter_name`
                                    , `device_type_parameter_code`, `value`
                                    , `sort_number`)
VALUES ( 1, 7, '分机数量', 'ZC_FJ_COUNT', '50'
       , 1),
       ( 2, 7, '传感器数量', 'ZC_CGQ_COUNT', '3'
       , 2),
       ( 3, 7, '粉尘浓度1报警值', 'ZC_XH_FCND1', '10'
       , 3),
       ( 4, 7, '粉尘浓度2报警值', 'ZC_XH_FCND2', '10'
       , 4),
       ( 5, 7, '粉尘浓度3报警值', 'ZC_XH_FCND3', '10'
       , 5),
       ( 6, 8, '粉尘浓度报警值', 'PW_XH_FCND', '10'
       , 1);
DROP TABLE IF EXISTS `device_type_relation`;
CREATE TABLE `device_type_relation`
(
    `device_type_id`      int(11) NOT NULL COMMENT '设备类型id',
    `base_device_type_id` int(11) NOT NULL COMMENT '基础设备类型id'
);
INSERT INTO `device_type_relation` (`device_type_id`, `base_device_type_id`)
VALUES (1, 1),
       (2, 1),
       (2, 2),
       (3, 1),
       (3, 3),
       (4, 2),
       (5, 2),
       (6, 4),
       (7, 5),
       (8, 6),
       (9, 7),
       (10, 8),
       (11, 9);
DROP TABLE IF EXISTS `log_alarm`;
CREATE TABLE `log_alarm`
(
    `log_alarm_id`                  bigint(20)  NOT NULL AUTO_INCREMENT COMMENT '报警记录id',
    `device_id`                     int(11)     NOT NULL COMMENT '设备id',
    `base_device_type_parameter_id` int(11)     NOT NULL COMMENT '基础设备参数id',
    `alarm_value`                   varchar(20) NOT NULL COMMENT '报警的值',
    `time_millis`                   bigint(20)  NOT NULL COMMENT '报警时间戳'
);
DROP TABLE IF EXISTS `log_operation`;
CREATE TABLE `log_operation`
(
    `log_operation_id`              bigint(20)            NOT NULL AUTO_INCREMENT COMMENT '操作记录id',
    `device_id`                     int(11)               NOT NULL COMMENT '设备id',
    `base_device_type_parameter_id` int(11)               NOT NULL COMMENT '基础设备参数id',
    `user_id`                       int(11)               NOT NULL DEFAULT '0' COMMENT '操作用户id',
    `control_mode`                  enum ('远程', '就地') NOT NULL COMMENT '远程/就地',
    `operation_value`               varchar(10)           NOT NULL COMMENT '操作后的值',
    `operation_result`              enum ('成功', '失败') NOT NULL COMMENT '操作结果',
    `time_millis`                   bigint(20)            NOT NULL COMMENT '操作时间戳'
);
DROP TABLE IF EXISTS `log_signal`;
CREATE TABLE `log_signal`
(
    `log_signal_id`                 bigint(20)  NOT NULL AUTO_INCREMENT COMMENT '信号量id',
    `device_id`                     int(11)     NOT NULL COMMENT '设备id',
    `base_device_type_parameter_id` int(11)     NOT NULL COMMENT '基础设备参数id',
    `signal_value`                  varchar(10) NOT NULL COMMENT '信号量的值',
    `time_millis`                   bigint(20)  NOT NULL COMMENT '时间戳'
);
DROP TABLE IF EXISTS `system`;
CREATE TABLE `system`
(
    `id`       int(11)     NOT NULL DEFAULT '1' COMMENT 'id',
    `title`    varchar(20) NOT NULL DEFAULT '金科星智能监控系统' COMMENT '系统主界面标题',
    `cpu_id`   varchar(32)          DEFAULT NULL COMMENT 'cpu序列号',
    `map_path` varchar(200)         DEFAULT NULL COMMENT '地图路径'
);
INSERT INTO `system` (`id`, `title`, `cpu_id`, `map_path`)
VALUES (1, '金科星SCADA系统', '670a3b48c034b6059f22ddbd5f07cd45', 'http://127.0.0.1:8080/map/map.jpg');
DROP TABLE IF EXISTS `user`;
CREATE TABLE `user`
(
    `user_id`        int(11)                               NOT NULL AUTO_INCREMENT COMMENT '用户id',
    `user_name`      varchar(20)                           NOT NULL COMMENT '用户名',
    `user_true_name` varchar(10)                           NOT NULL COMMENT '用户真实姓名',
    `password`       varchar(20)                           NOT NULL COMMENT '用户密码',
    `role`           enum ('超级管理员', '管理员', '用户') NOT NULL DEFAULT '用户' COMMENT '角色：用户/管理员/超级管理员'
);
INSERT INTO `user` (`user_id`, `user_name`, `user_true_name`, `password`, `role`)
VALUES (1, 'admin', 'admin', 'admin', '超级管理员'),
       (2, '1000', '管理员', '123456', '管理员');
/*!40101 SET SQL_MODE=@OLD_SQL_MODE */;
/*!40014 SET FOREIGN_KEY_CHECKS=@OLD_FOREIGN_KEY_CHECKS */;
/*!40014 SET UNIQUE_CHECKS=@OLD_UNIQUE_CHECKS */;
/*!40111 SET SQL_NOTES=@OLD_SQL_NOTES */;
